"Beszállító_ID","Ellenőrzés alatt","Cégnév:","Beszállító neve:","Wendor:","Cég címe:","Csomag fogadás cím:","WEB:","Központi elérés Név:","Központi elérés Email:","Központi elérés Tel:","Megszólítás:","Ajánlatkérés Név:","Ajánlatkérés Email:","Ajánlatkérés Tel:","Segítségnyújtás Név:","Segítségnyújtás Email:","Segítségnyújtás Tel:","Hibabejelentés Név:","Hibabejelentés Email:","Hibabejelentés Tel:"
"124","","","ACR Consulting","1002120120","","","","","","","","Tóth Adrienn","toth.adrienn@acr-consulting.hu","","","","","","",""
"1","","Agisys Ipari Keverés- és Hajtástechnika Kft.","Agisys 411332","411332","H-2045 Törökbálint Tó u. 2.","","https://agisys.hu/","","","","","Makkos Balázs","makkos.balazs@agisys.hu","+36 (20) 983 7087","","","","","",""
"2","","","AMSY 411035","","","","","","","","","","","","","","","","",""
"3","","","Angyal 410910","","","","","","","","","","","","","","","","",""
"15","","Aventics Hungary Kft.","Aventics","416740","H-3300 Eger Bánki Donát u. 3","","https://www.emerson.com/hu-hu","","","","","Kardinál Zsuzsanna","zsuzsanna.kardinal@emerson.com","+36 (20) 399 6200","","","","","",""
"4","","","Avia 419039","","","","","","","","","Kugyela Tibor","info@aviaprofbt.hu","","","","","","",""
"131","","Balluff Elektronika Kft","Balluff ","410616","H-Veszprém Pápai út 55","","https://www.balluff.com/hu-hu","","","","","info + Heblinger Fruzsina","saleshu@balluff.hu; fruzsina.heblinger@balluff.hu","","support + Lakat Róbert","support.hu@balluff.hu; robert.lakat@balluff.hu","+36 (20) 299 8394","","",""
"5","","BeeWaTec Hungária Bt.","BeeWaTec","415816","H-6000 Kecskemét Kiskörösi út 8","","https://www.beewatec.com/hu/","Gulyás Anita","a.gulyas@beewatec.hu"," +36 (20) 253 7616","","Gulyás Anita","a.gulyas@beewatec.hu"," +36 (20) 253 7616","Gulyás Anita","a.gulyas@beewatec.hu"," +36 (20) 253 7616","","",""
"6","","","Behringer 402030","","","","","","","","","Judith Schenk","judith.schenk@behringer.net","","","","","","",""
"7","","","Bibus 410911","","","","","","","","","Búzás Julianna","jub@bibus.hu","","","","","","",""
"8","","","Biotek 408251","","","","","","","","","Ádám Zoltán","info@biotek.hu","","","","","","",""
"137","","","Blohm Jung 402882","","","","","","","","","","","","","","","","",""
"10","","","Budai 419040","","","","","","","","","Kokk György","kokkgyorgy@bubenlaser.com","","","","","","",""
"138","","","Burkhardt+Weber 409026","","","","","","","","","","","","","","","","",""
"132","","","BVS 409356","","","","","","","","","","","","","","","","",""
"117","","","Daniella 418896","","","","","","","","","Hardi Tamás","tamas.hardi@daniella.hu","+36 (20) 509 7175","","","","","",""
"11","","","Dialog 401656","","","","","","","","","Christian Patzer","christian.patzer@dcs.de","","","","","","",""
"12","","","DIEMA 417182","","","","","","","","","","","","","","","","",""
"13","","","Distrelec 408254","","","","","","","","","","info-hu@distrelec.com","","","","","","",""
"14","","","DMG 411230","","","","","","","","","Balázs Gabriella","gabriella.balazs@dmgmori.com","","","","","","service.hungary@dmgmori.com",""
"133","","","ELB 401798","","","","","","","","","","","","","","","","",""
"120","","","Erowa 401049","","","","","","","","","Marcel Pfortner","marcel.pfortner@erowa.com","","","","","","",""
"16","","","Euchner 417176","","","","","","","","","info + Lehner Krisztina + Nizsalócki Bálint","info@euchner.hu; krisztina.lehner@euchner.hu","","","","","","",""
"17","","","Ezermester 416514","","","","","","","","","Vékony József","info@ezermesterbolt.eu","","","","","","",""
"110","","Fabory Kft.","Fabory 410734","410734","H-1139 Budapest Fay utca 4 ","","https://www.fabory.com/hu","","faboryhu@fabory.com","","","Ádám Zoltán","zoltan.adam@fabory.com","+36 (20) 471 0717","","","","","",""
"18","","","Fagypont 410664","","","","","","","","","Neuman Ákos","fagypont@freemail.hu","","Laukó Zsolt","","+36 (30) 928 4033","","",""
"20","","","Feluletklinika 410853","","","","","","","","","Király János","kiraly_feluletklinika@outlook.hu_  kiraly@si.hu","","","","","","",""
"19","","","Felületkémia 410765","","","","","","","","","Szabó Krisztina","szabo.krisztina@feluletkemia.hu; megrendeles@feluletkemia.hu","","","","","","",""
"21","","","Ferroprofil 410661","","","","","","","","","","","","","","","","",""
"22","","","Festo 410609","","H-1037 Budapest Csillaghegyi út 32-34.","","","","","","","Goetman Edit","edit.goetman@festo.com","","Urbán Gábor","gabor_urban@festo.com","","","",""
"23","","","Figra 408248","","","","","","","","","Brindza László","info@figra.hu","","","","","","",""
"24","","","Firegate 411506","","","","","","","","","","","","","","","","",""
"25","","","Fischer 500208","","","","","","","","","info","info-fsg@fischerspindle.com","","","","","","",""
"26","","","Gabfer 410685","","","","","","","","","info","gabfer@gabfer.hu","","","","","","",""
"27","","GEK Team Kft.","GekTeam","416946","H-2100 Gödöllő Moór János utca 10.","","https://gekteam.hu/","Durán Annamária","annamaria.duran@gekteam.hu","-","","info + Durán Annamária","info@gekteam.hu; hunor.balint@gekteam.hu ","","Hunor Bálint","hunor.balint@gekteam.hu ","+36 (30)274 8886","","",""
"116","","","Gépelem 416778","","","","","","","","","Koloszár Imre","koloszar.imre@dussergroup.hu","","Bruckmann Dorn Balint","bruckmann.dorn.balint@dussergroup.hu","","","",""
"28","","GF Machining Solutions Sp. z o.o.- Magyarországi Fióktelepe","GF Machining","419562","H-1112 Budapest Repülőtéri utca 2a","","https://www.gfms.com/en-hu.html","Thomas Niklaus","liechti.hu.smb.ms@georgfischer.com","-","","Baka Krisztina","krisztina.baka@georgfischer.com","+36 (30)309 8860","Szilágyi Zsolt","zsolt.szilagyi@georgfischer.com","+36 (30) 816 0090","Vas Tibor ","tibor.vas@georgfischer.com","-"
"29","","","Gimex 410840","","","","","","","","","info + Skobrák Ferenc","info@gimex.hu; ferenc.skobrak@gimex.hu","","","","","","",""
"31","","Gördölő Kft.","Gördülő  2","418768","H-1037 Budapest Csillaghegyi út 19-21.","","https://www.gordulo.hu/","Szöllősi László","laszlo.szollosi@gordulo.hu","+36 (20) 942 4759","","Szöllősi László","laszlo.szollosi@gordulo.hu","+36 (20) 942 4759","Szöllősi László","laszlo.szollosi@gordulo.hu","+36 (20) 942 4759","","",""
"32","","","Gördülő 410641","","","","","","","","","Bárdfalvi Tamás","t.bardfalvi@gordulo-simmering.hu","","","","","","",""
"33","","","Gránit-ex 416750","","","","","","","","","","","","","","","","",""
"34","","","Gruber 410360","","","","","","","","","","","","","","","","",""
"35","","","Gruber 418769","","","","","","","","","","","","","","","","",""
"36","","","Haake 409036","","","","","","","","","","","","","","","","",""
"37","","","Hafner 411247","","","","","","","","","Novák Henrietta","novak.henrietta@hafner-pneumatika.com; ertekesites@hafner-pneumatika.com","","","","","","",""
"38","","Hansa-Flex Hidraulika Kft.","Hansa ","419054","H-1046 Budapest Kiss Ernő utca 2","","https://hansa-flex.hu/","Ügyelet 0-24H","hmg@hansa-flex.com","+36 (30) 552 6800","","Deák Ferenc","hmg@hansa-flex.com","+36 (30) 453 2484","Deák Ferenc","hmg@hansa-flex.com","+36 (30) 453 2484","","",""
"39","","HBB Szerviz Kft.","HBB 410722","410722","H-9444 Fertőszentmiklós Petőfi Sándor utca 37","","https://www.hbbszerviz.hu/","Bekő Balázs","beko.balazs@hbbszerviz.hu","+36 (20) 563 0543","","Bekő Balázs","beko.balazs@hbbszerviz.hu","+36 (20) 563 0543","Bekő Balázs","beko.balazs@hbbszerviz.hu","+36 (20) 563 0543","","",""
"119","","","Hegetronik Kft. 419721","","","","","","","","","Németh Gábor","info@hegetronik.hu","","","","","","",""
"40","","","Heller 409526","","","","","","","","","Radim Swider","radim.swider@heller.biz","","","","","","",""
"41","","","Hennlich 411008","","","","","","","","","","gepelem@hennlich.hu","","","","","","",""
"42","","","HFP-K 408149","","","","","","","","","","info@hfpk.hu","","","","","","",""
"43","","Hansa-Flex Hidraulika Kft.","Hidramec","411080","H-2821 Gyermely Iskola utca 45.","","https://www.hidra-mechatronika.hu/","Puzsár István","puzsar.istvan@hidra-mechatronika.hu; mechatronikakft@gmail.com","+36 (20) 478 2509","","Puzsár István","puzsar.istvan@hidra-mechatronika.hu; mechatronikakft@gmail.com","+36 (20) 478 2509","Puzsár István","puzsar.istvan@hidra-mechatronika.hu; mechatronikakft@gmail.com","+36 (20) 478 2509","","",""
"44","","","Hidro-Mobil 410980","","","","","","","","","","btamas@hidro-mobil.hu","","","","","","",""
"45","","","Hidropress 411096","","","","","","","","","Fényes Gábor","kozp@hidropress.hu; fenyes.gabor@hidropress.hu","+36 (20) 255 4579","","","","","",""
"122","","","Hilti 410620","","","","","","","","","Viszlay Zoltán","zoltan.viszlay@hilti.com","","","","","","",""
"46","","","Hoffmann 405682","","","","","","","","","Selina Nordmann","selina.nardmann@hoffmann-filter.de","","","","","","",""
"47","","","Hydac 410719","","","","","","","","","Patasi Zsolt","zsolt.patassy@hydac.hu","","","","","","",""
"48","","","Ifm elect. 412413","","","","","","","","","info + Molnár Eszter","info.hu@ifm.com; eszter.molnar@ifm.com","","Szalai Pál","pal.szalai@ifm.com","","","",""
"49","","","Igus 400892","","","","","","","","","Vasvári Adrián","avasvari@igus.de","","Kárász Krisztián","kkarasz@igus.de","","","",""
"50","","Az IMEX Filtertechnika Kft","Imex","411129","H-9400 Sopron Tárczy-Hornoch Antal u. 8","","https://imex.filtertechnika.hu/","","","","","info + Győrfi István","info@imex.filtertechnika.hu; i.gyorfi@imex.filtertechnika.hu","+36 (30) 720 4677","Győrfi István","i.gyorfi@imex.filtertechnika.hu","+36 (30) 720 4677","","",""
"51","","","IMI Norgren 410725","","","","","","","","","Hunyadi Zoltán","zoltan.hunyadi@imi-precision.hu","","","","","","",""
"52","","","Infocontrol 411074","","","","","","","","","","","","","","","","",""
"118","","","Infranorm 419546","","","","","","","","","Raffael Neufeld","neufeld@infranorm.com","","","","","","",""
"53","","","Innomatik 411553","","","","","","","","","","info@innomatik.hu","","","","","","",""
"54","","","Inox 410854","","","","","","","","","Nyirádi Márk","nyiradi@inox.hu","","","","","","",""
"55","","iPon Computer Kft. ","iPon Computer","416606","","","","","","","","Hoppál Norbert","info@ipon.hu","","","","","","",""
"130","","Jankovits Engineering","Jankovits 421157","","H-9027 Győr Ipari Park Juharfa u. 3.","","","","","","","Szabó László","szabo.laszlo@jankovits.hu","+36 (30) 685 5760 ","","","","","",""
"56","","","JAP 419360","","","","","","","","","Nemes Pál","japservice.kozpont@gmail.com","","","","","","",""
"57","","","Jola 401805","","","","","","","","","","contact@jola-info.de","","","","","","",""
"58","","","Kaiser 410645","","","","","","","","","Knurr Zoltán","zoltan.knurr@kaiserkraft.hu","","","","","","",""
"87","","Kardex Hungaria Kft. ","Kardex","411202","H-2040 Budaörs Szabadság út ","","www.kardex.com ","","","","","Illés Adrienn ","adrienn.illes@kardex.com  ","+36 (23) 414 011","Fenyő Adrienn"," adrienn.fenyo@kardex.com; info.remstar.hu@kardex.com","","","service.remstar.hu@kardex.com",""
"59","","","Keller 411094","","","","","","","","","","","","","","","","",""
"60","","KL-SYSTEM Kft.","KL-System 411436","411436","H-2700 Cegléd Külső Kátai út 96.","","www.kl-system.hu","Majoros Zsolt","kl-system@kl-system.hu","","","Baráth Ferenc","barath.feenc@kl-system.hu;bf@kl-system.hu","+36 (30) 492 4030","","","","","",""
"61","","","Knoll 401684","","","","","","","","","","","","","","","","",""
"62","","KSB Hungary Kft.","KSB","411084","H-1117 Budapest Budafoki út 60","","https://www.ksb.com/hu-hu","","","","","Info + Szakács Gergely","ksbinfo.hungary@ksb.com; gergely.szakacs@ksb.com","+36(30) 966 6820","Szakács Gergely","gergely.szakacs@ksb.com","+36(30) 966 6820","Rózsa Richard","richard.rozsa@ksb.com","+36 (20) 523 0786"
"111","","","Label Trade 419135","","","","","","","","","Seres Gábor","gabor.seres@labeltrade.hu","","","","","","",""
"63","","","Lammers 416110","","","","","","","","","Krausz Krisztián","krausz.krisztian@triodamotor.hu","","","","","","",""
"64","","LG Technologies Kft","LG technologies ","420063","H-4551 Nyíregyháza Platán u. 5","","https://lgtechnologies.hu/hu/","Kasza László","kasza.laszlo@lgtechnologies.hu","+36 (70) 300 1465","","Info + Bódi Miklós","info@lgtechnologies.hu; bodi.miklos@lgtechnologies.hu","+36 (70) 402 0282","","","","","",""
"65","","","Liechti","","","","","","","","","Thomas Niklaus","thomas.niklaus@georgfischer.com; liechti.service@georgfischer.com;liechti.hu.smb.ms@georgfischer.com","","","","","","",""
"66","","","Mechanitec 418193","","","","","","","","","Karsay Sándor","karsay.sandor@mechanitec.hu","","","","","","",""
"88","","Messer Hungarogáz Kft.","Messer 410583","","H-1044 Budapest Váci út 117.","","","","","","","Marlok Bence Sebő","bence.marlok@messer.hu","+36 (70) 335 1247","","","","","",""
"67","","","Mobil Complex 410926","","","","","","","","","","","","","","","","",""
"68","","","Murrelektronik 416888","","","","","","","","","Hrubiák Róbert","robert.hrubiak@murrelektronik.hu","","","","","","",""
"69","","","Nagev 417767","","","","","","","","","","","","","","","","",""
"70","","NCT Ipari Elektronikai Zrt.            ","NCT","410966","H-1148 Budapes Fogarasi út 7.","","https://www.nct.hu/","Bakos Máté","bakosm@nct.hu","+36 (30) 337 2980","","info + Tari Viktória","Tari Viktória; sales5@nct.hu","+36 (3) 410 8141","Bakos Máté","bakosm@nct.hu","+36 (30) 337 2980","","hibabejelentes@nct.hu","+36 (30) 682-0346"
"71","","","NTK 410925","","","","","","","","","info + Horváth Krisztián","info@ntk-kft.hu; horvath.krisztian@ntk-kft.hu","","","","","","",""
"125","","Pannon Csapágy Kft.","Pannon cs.","1001883173","H-2045 Törökbálint Tó u. 1/A","","https://pannoncsapagy.hu/","","","","","Korodi Éva","korodi.e@pannoncsapagy.hu","+36 (20) 480 3419","Nagy Attila","attila.nagy@schaeffler.com","+36 (30) 944 7104","","",""
"73","","","Pemü 411100","","","","","","","","","","bertae@pemu.hu","","","","","","",""
"74","","","Pepperl 416923","","","","","","","","","Németh Balázs","bnemeth@hu.pepperl-fuchs.com","","","","","","",""
"75","","","Pfannemberg 416468","","","","","","","","","Maik Heitmann","maik.heitmann@pfannenberg.com","","","","","","",""
"76","","","Pfeifer-Garant 418714","","","","","","","","","Kronavetter Tamas","kronavetter.tamas@pfeifer-garant.hu","","","","","","",""
"77","","","Phoenix 410899","","","","","","","","","Babják Zsolt","phoenixhu@phoenixcontact.com","","","","","","",""
"78","","","Plastio Kft. 419986","","","","","","","","","Kiss Sándor","info@plastio.hu","","","","","","",""
"79","","","Power Belt 418727","","","","","","","","","Urbán Gábor","urban.gabor@powerbelt.hu","","","","","","",""
"80","","Premium-S Kft.","Prémium-S","411509","H-6035 Ballószög Wass Albert utca 25.","","https://premium-s.hu/","","premium@premium-s.hu","","","Molnár Dóra","dora.molnar@premium-s.hu","+36 (20) 342 9095","","","","","",""
"123","","","Pure Air 418522","","","","","","","","","Geszti Sándor","sandor@pure-air.hu","","","","","","",""
"81","","","Rema 417173","","","","","","","","","","","","","","","","",""
"82","","","Renishaw 410405 420197","","","","","","","","","Gáll Attila","attila.gal@renishaw.com; hungary@renishaw.com","","","","","","",""
"83","","","Revi 410901","","H-3073 Tar Ilona major 1","H-3073 Tar Ilona major 1","","Székely Norbert","revikft@revi.hu","","","Székely Norbert; Revicki István","revikft@revi.hu; szekelyn@revi.hu","+36 (70) 343 532","","","","","",""
"84","","Bosch Rexroth Hajtás- és Vezérléstechnika Kft.","Rexroth 410668","","H-1103 Budapest Gyömrői út 104","","","","","","","Pászti Károly","karoly.paszti@boschrexroth.hu; sales@boschrexroth.hu","","","","","","",""
"85","","","RS Components 411575","","","","","","","","","Stummer Krisztián","krisztian.stummer@rs-components.com","","","","","","",""
"9","","Rubix Magyarország Kft.","Rubix 410995","","H-2045 Törökbálint Tópark u. 9.","","https://rubix.com ","","","","","Kasztel Gyöngyi","gyongyi.kasztel@rubix.com","","","","","","",""
"134","","","RUF 32833758","","","","","","","","","Erwin Bader","erwin.bader@brikettieren.de","","","","","","",""
"86","","","Safety 411471","","","","","","","","","","","","","","","","",""
"136","","","Sandviken 420841","","","","","","","","","Gyemendi Zoltán","szerviz@sandviken.hu","","","","","","",""
"121","","SCHUNK Intec Kft.","Schunk ","419120","H-2040 Budaörs Edison utca 3.","","https://schunk.com/hu/en","Juhász Miklós","miklos.juhasz@hu.schunk.com","+36 (30) 080 4749","","Nehéz Viktória","viktoria.nehez@hu.schunk.com","+36 (30) 155 7041","Juhász Miklós","miklos.juhasz@hu.schunk.com","+36 (30) 080 4749","","",""
"87","","","SHR 418885","","","","","","","","","","office@shr.at","","","","","","",""
"90","","","Siemens 419883","","","","","","","","","Hoffman Vivien","vivien.hoffmann@siemens.com; ipar.szerviz.hu@siemens.com","","","","","","",""
"91","","","SMC 411012","","","","","","","","","","sales@smc.hu","","","","","","",""
"92","","","Spinex 417827","","","","","","","","","","","","","","","","",""
"93","","","Starrag 500224","","","","","","","","","Filippo Laconi","filippo.laconi@starrag.com","","","","","","",""
"94","","","Stasto 419199","","","","","","","","","Fedur Oszkár","oszkar.fedur@stasto.eu","","","","","","",""
"95","","","Steinbock 419751","","","","","","","","","","","","","","","","",""
"96","","","Stock & Go 417324","","","","","","","","","","","","","","","Horváth Péter","peter.horvath@stockngo.hu","+36 (70) 908 3131"
"97","","","Super Seal 410865","","","","","","","","","Szőke Sándor","info@superseal.hu; rendeles@superseal.hu","","","","","","",""
"98","","","Szimikron 410934","","","","","","","","","Gáspár Nikoletta","gaspar.nikoletta@szimikron.com; info@szimikron.com","","","","","","",""
"99","","","Tech Masters 410592","","","","","","","","","Hernáczki Attila","attila.hernaczki@tech-masters.eu","","","","","","",""
"100","","","Tool-Word 419082","","","","","","","","","Stracz Péter","peter.stracz@tool-world.hu","","","","","","",""
"101","","","Tral Trade 411578","","","","","","","","","Szilágyi Dezső","szilagyi.dezso@traltrade.hu","","","","","","",""
"114","","","Triasz-Tömlő 411207","","","","","","","","","Vita Zsuzsanna","triasz09@triasztomlo.hu","","","","","","",""
"112","","","Ulbrich Kft. 416327","","","","","","","","","Pilisi Sándor","sandor@ulbrich.hu","","","","","","",""
"102","","","Unis 415260","","","","","","","","","","","","","","","","",""
"103","","","Uno-Trade 410732","","","","","","","","","Kozma Antal","kozmauno@unotrade.hu","","","","","","",""
"104","","","Villtek 410690","","","","","","","","","","","","","","","","",""
"105","","","Volán Autódaru 410775","","","","","","","","","","","","","","","","",""
"106","","","Vonalkód 417139","","","","","","","","","","","","","","","","",""
"107","","Innomotics GmbH WEISS Spindeltechnologie","Weiss 419875","","Birkenfelder Weg 14 96126 Maroldsweisach / Germany","","www.innomotics.com","","","","","Russel Anthony","anthony.russell@innomotics.com","+49 9532 9229-444 ","","","","","",""
"115","","","Wenglor 411493","","","","","","","","","","","","","","","","",""
"139","","","Wüerth 411731","","","","","","","","","","","","","","","","",""
"135","","","Zarges 411555","","","","","","","","","Fabok Sándor","Sandor.Fabok@zarges.hu","","","","","","",""